{"ham": 0.761026991441738, "spam": 0.238973008558262}