{"ham": 0.7612038664323374, "spam": 0.23879613356766258}